{"cameraMode":{"drawMode":0,"name":"Shaded","section":"Shading Mode"},"sceneLighting":false,"audioPlay":false,"sceneViewState":{"showFog":true,"showMaterialUpdate":true,"showSkybox":true,"showFlares":true,"showImageEffects":true,"showParticleSystems":true},"in2DMode":false,"pivot":{"x":0.2920938730239868,"y":0.5891435146331787,"z":0.44281697273254397},"rotation":{"x":0.009099707938730717,"y":-0.8341090083122253,"z":0.013762095011770726,"w":0.551374614238739},"size":0.8517404794692993,"orthographic":false}