{"cameraMode":{"drawMode":0,"name":"Shaded","section":"Shading Mode"},"sceneLighting":false,"audioPlay":false,"sceneViewState":{"showFog":true,"showMaterialUpdate":true,"showSkybox":false,"showFlares":true,"showImageEffects":true,"showParticleSystems":true},"in2DMode":false,"pivot":{"x":-3.000631809234619,"y":-0.27911925315856936,"z":0.2702367901802063},"rotation":{"x":-0.35240522027015688,"y":-0.43210116028785708,"z":0.18827010691165925,"w":-0.8085489273071289},"size":0.7596775889396668,"orthographic":false}